Sample,Group,Batch,Info
Group1_1,Group1,B1,internal
Group1_2,Group1,B2,internal
Group1_3,Group1,B3,internal
Group2_1,Group2,B1,normal
Group2_2,Group2,B2,normal
Group2_3,Group2,B3,normal
Group3_1,Group3,B1,normal
Group3_2,Group3,B2,normal
Group3_3,Group3,B3,normal
Group4_1,Group4,B1,normal
Group4_2,Group4,B2,normal
Group4_3,Group4,B3,normal
Group5_1,Group5,B1,normal
Group5_2,Group5,B2,normal
Group5_3,Group5,B3,normal
Group6_1,Group6,B1,normal
Group6_2,Group6,B2,normal
Group6_3,Group6,B3,normal
